Actual,Predicted,Continent
0.4539760947227478,0.4161433522071457,Africa
15.2312536239624,12.837681623612134,North America
16.43135452270508,13.55110566387101,Asia
0.3126793503761292,0.2123984282530312,Africa
5.921699523925781,6.43650116586496,Europe
8.428370475769043,5.934247050181029,Asia
0.3534181714057922,0.7825045424757733,Africa
0.05052546039223671,0.0856174065073553,Africa
6.94288444519043,6.972106369926819,Asia
0.4739508032798767,0.7511645378544923,Africa
0.2236235439777374,0.17124252009684482,Africa
9.76266098022461,9.412654506314198,Asia
1.571857333183289,3.9784530605314283,Europe
0.2766233682632446,0.3311549581219516,Africa
0.2480051815509796,0.36700534873136464,Asia
1.900676727294922,2.0068851197219164,South America
0.4248679876327515,0.42660003552503056,Africa
1.930600523948669,1.986564627145147,South America
3.980598449707031,5.125785570182497,Asia
0.2917476892471313,0.24803855523364113,Africa
2.672476053237915,3.2593943671101613,Africa
1.015671133995056,2.4066207207338124,North America
2.648410797119141,3.1206390370821206,Asia
4.964403629302979,3.2745715008179337,South America
2.686473608016968,2.6891869067723437,Africa
6.622390270233154,7.373005437415743,Europe
3.228214263916016,4.563294108957525,Europe
5.132001399993896,5.458657747652796,Europe
0.3608613014221191,0.40590415972684113,Asia
0.124162994325161,0.16545056649181367,Africa
1.468586444854736,1.4235188935574086,Africa
0.1575678288936615,0.6149145213558378,Africa
15.93465805053711,17.067226125278168,North America
9.436406135559082,9.89198689305593,Asia
0.7252073287963867,0.46032545832687033,Africa
9.642186164855957,9.998901366977467,Europe
8.492473602294922,8.26441764382401,Europe
0.5955474972724915,0.7310272947180839,Africa
0.5084272027015686,0.6130595533426793,Asia
1.929520130157471,2.8326076359133885,South America
4.612112522125244,5.237752752665016,South America
3.368326902389526,3.5708017023243595,Europe
2.894788026809692,2.876965670079466,North America
0.3383632302284241,0.5632675482167138,Africa
7.240007400512695,8.238830293133145,Oceania
6.061766147613525,5.607040388343828,Europe
27.74286460876465,31.227144184006598,North America
0.1035262495279312,0.12079916231771785,Africa
3.510911464691162,3.8334568479052513,Asia
2.49335789680481,2.9083188649491656,Asia
6.361860275268555,6.549480052287617,Europe
1.332243204116821,0.7195021658612129,Asia
1.669094920158386,2.2867014289498324,Africa
9.57946491241455,9.793997725225283,Europe
0.4105989634990692,1.9686651471943133,Asia
0.862959086894989,0.9709152155664319,North America
7.449976444244385,8.193739683217471,Asia
22.12873268127441,29.270921346066494,Asia
25.23540306091309,25.37124759091271,Asia
2.419788360595703,2.5484889256902155,South America
0.2583021521568298,0.2833830348927068,Africa
0.1247816979885101,0.1528479039482181,Africa
0.8726166486740112,1.198910342204429,Africa
0.2062408626079559,0.2551911947365318,Africa
4.683609485626221,5.386102128267288,Europe
2.385590791702271,2.5276310850774903,South America
0.4122410118579865,0.38525366515274106,Africa
0.6785630583763123,0.7112149381665954,Asia
1.150002837181091,1.5943229084166277,South America
3.872514724731445,4.345382968018065,Europe
6.444787979125977,6.672517597124519,Europe
15.55618476867676,17.855226312629764,Europe
2.351348161697388,1.9425717992153222,Asia
6.341861724853516,5.947178516195794,Europe
5.853915691375732,8.597419561885653,Asia
8.598358154296875,8.601616048468488,Europe
4.328454494476318,2.5246868081633407,South America
6.258016109466553,4.845682191399355,Europe
3.022076606750488,5.56982921535439,Europe
1.51934278011322,1.4309771150613122,Asia
3.875288486480713,5.604663523474382,Africa
12.43549633026123,12.526856999721362,Asia
0.8892925381660461,0.9369817428494258,Africa
10.41109943389893,17.81091855435774,Europe
0.6420559287071228,0.7399517120209833,Africa
4.794758796691895,5.502625636135637,Europe
2.690881252288818,2.835509940907122,North America
0.4609367847442627,0.4531516847012062,Africa
1.096632242202759,1.42921216389395,Africa
8.807806015014648,8.902203826776313,Europe
7.982070446014404,4.3101854441085505,Africa
3.679176568984985,4.869808202240202,Europe
3.916748285293579,4.070151875447659,North America
3.361059427261353,3.678853630671425,Africa
2.837353944778442,2.3917128438793473,Africa
4.181182384490967,5.533661433125299,Asia
0.6713986396789551,0.6918902107662859,Asia
1.608575582504272,2.0032300819536997,North America
0.134215384721756,0.2274152090663888,Africa
2.411968946456909,2.0233089532066906,Africa
0.1581471711397171,0.18954884356267157,Africa
11.17672729492188,11.146908538159874,Europe
0.09200512617826462,0.22532210121597576,Africa
3.518994808197021,4.150198767007342,Asia
8.651652336120605,8.431810280937997,Africa
16.83793449401855,17.13350132266301,Oceania
2.56479811668396,2.738746935035501,North America
5.941187381744385,6.399149126802172,Asia
4.566406726837158,6.741163997788277,Europe
1.750474452972412,5.201758366724026,Asia
2.374728918075562,2.0794306856736773,Asia
1.575139403343201,0.9850918349685174,Asia
8.802538871765137,15.367699974945618,Asia
7.464491367340088,8.160295234384993,Asia
4.86266040802002,6.546274183534441,Europe
0.6983577609062195,1.8451437625056095,Asia
11.87973117828369,17.414045162814,Asia
7.692761898040771,6.69614713971009,Europe
1.055922865867615,1.617870424571771,North America
5.037182807922363,2.7501525542483183,Africa
0.08826082944869995,0.33190925693807627,Africa
0.8028613328933716,0.9710199392402457,Asia
0.06677624583244324,0.13696861400313318,Africa
6.444709777832031,6.7039532033943,Europe
13.24840259552002,14.017681434396712,Europe
1.515639066696167,1.5296138135398192,Europe
2.465222358703613,2.4522891036824235,North America
4.370736122131348,5.276169918479686,Europe
0.03814133629202843,0.05512449593122103,Africa
4.008553981781006,4.936493236675151,Asia
4.364320278167725,5.71962086287028,Europe
2.287876129150391,4.69180643384324,North America
2.473293304443359,2.3689640945735437,North America
0.2233389914035797,0.18527187492269728,Africa
1.707277297973633,1.819510714215892,South America
7.018608570098877,6.421477644396207,Europe
5.154595375061035,5.511641630091365,Europe
1.12629234790802,2.098376620009305,Asia
8.53862190246582,8.92993920856809,Europe
7.691962242126465,8.005312034627403,Asia
1.019553065299988,2.234943734650574,Asia
8.449371337890625,8.322951453619533,Europe
1.783844113349915,2.7787570219266975,Asia
4.904990673065186,5.100005183628627,North America
5.554018974304199,5.75409496025812,Europe
35.15387344360352,36.70600115174339,Asia
6.125661849975586,6.297626322394155,Europe
4.997847080230713,3.7841768649967893,Africa
1.059866905212402,1.3563397927218017,North America
0.2789586782455444,0.6995888043926467,North America
0.1359763294458389,0.13039737260722306,Africa
25.97888565063477,19.711248728695022,Asia
15.08577251434326,12.23186123190573,Asia
0.2513646185398102,0.3492586901568704,Africa
0.9510745406150818,0.9613095405842693,Africa
2.07071852684021,1.9963178552205727,Asia
10.12504482269287,9.860891339782684,Europe
0.6659877896308899,0.4275716760706689,Africa
20.87304878234863,17.31455647625242,Asia
0.7194823622703552,0.6470048630649139,Africa
0.3127999603748322,0.4049810743665412,Asia
6.260074615478516,6.33099446936999,Europe
3.117391586303711,2.484673670324541,Africa
2.334378957748413,3.0007332441123866,North America
0.1376312673091888,0.11291606053021841,Africa
3.391542196273804,4.795964743942496,Europe
2.796311616897583,2.8239466331154106,Asia
0.1498302817344666,0.5283291950261014,Africa
1.063597321510315,1.7607331380118412,North America
1.843802690505981,4.249850269469952,Europe
7.634407520294189,2.9214290213438248,Africa
0.861402690410614,0.9679508040608007,North America
2.39232611656189,2.1935879148001236,Asia
17.03418350219727,12.819136790599854,Asia
1.784068465232849,5.888078226748913,Asia
4.257336139678955,4.971220509237713,Asia
16.71615028381348,17.177289345658007,Oceania
0.2896609306335449,0.7415421853651486,North America
39.03497314453125,36.349279451075056,Asia
9.956154823303223,8.334692314378795,Africa
0.7519980669021606,0.6499525265354247,Asia
2.443331956863403,1.930349951869912,Africa
7.037854194641113,8.064336387123381,Asia
4.587452411651611,5.750266007099145,Europe
21.27851486206055,25.299671157730945,Asia
2.758836030960083,2.8764620038375024,North America
3.714261054992676,5.117471527618076,Europe
7.409749507904053,8.460388006562278,Oceania
8.116082191467285,8.366977024480205,Europe
7.080383777618408,6.972106369926819,Asia
4.223813056945801,2.286835170714758,South America
1.02567458152771,3.590841704798683,North America
9.372926712036133,9.946437213125337,Europe
1.723835825920105,2.720176846504212,Africa
0.8383368253707886,1.168236647560956,Africa
2.13553524017334,2.0008019860701425,Asia
9.441122055053711,9.998901366977467,Europe
10.51109218597412,20.113240056937325,Europe
0.8505045771598816,0.962411220298045,Africa
0.9562392830848694,1.367234751050435,North America
0.4489483535289764,0.48297565672818643,Africa
8.726890563964844,8.790162250288635,Europe
4.362280368804932,3.386252819973762,Africa
4.55068826675415,2.788488183092503,South America
0.6636679172515869,0.3490622071547522,Africa
0.2405767440795898,0.19141049932330728,Africa
6.65671968460083,6.78415619045195,Europe
8.93990421295166,16.5022966862179,Asia
1.003642439842224,2.6795835122208276,Asia
0.56198650598526,0.7284419260053407,Africa
9.321170806884766,9.898175233243002,Asia
7.910356521606445,6.051959259262158,Europe
10.22028541564941,9.803810534401544,Europe
4.034268379211426,5.67643408426191,Europe
7.09713077545166,6.363063150411559,Europe
9.675110816955566,9.205826492246954,Asia
5.837845325469971,5.67298891043474,Europe
4.522790908813477,5.455310521500451,Europe
1.74707043170929,1.81111819068307,South America
1.252546668052673,1.7705684481816635,South America
2.718930959701538,2.5527643426944,Africa
4.211174964904785,6.178917153608523,Europe
1.235442042350769,2.46741304846037,Asia
2.548305034637451,2.9775410376181672,Asia
3.517360925674438,4.241723517396147,Africa
0.4613874554634094,0.46283920100875847,Africa
3.652999639511108,3.533728278490285,Europe
0.6951329708099365,0.42359949195792984,Africa
0.2428173571825027,0.9590852198066222,Africa
24.07170104980469,17.09372563116478,Asia
5.83512020111084,5.769585868562971,Europe
1.431917905807495,1.3871818914375607,Africa
14.62153720855713,11.431193084250971,Asia
1.059903621673584,0.7300918140163347,Africa
0.5335281491279602,0.6628928830003927,Asia
0.2373028695583344,0.2420144912038766,Africa
0.6726638674736023,0.6211295096507623,Africa
0.06613370031118393,0.170391444991328,Africa
2.804844856262207,2.835509940907122,North America
1.056051969528198,1.5720984637708895,Africa
0.4144601225852966,1.0244056029633155,Africa
5.050633907318115,5.503117395276922,Europe
10.99707126617432,5.500806132242986,Asia
12.71285152435303,12.526856999721362,Asia
0.1345583349466324,0.22088437789832308,Africa
3.96388578414917,5.945730839858925,Africa
6.012772560119629,6.880920855397271,Europe
5.699369430541992,13.778107211919059,Asia
4.914331912994385,5.624590659245613,Europe
8.107075691223145,8.467611482938132,Europe
3.421926736831665,3.9198401847359583,Asia
3.285316228866577,16.731380319772278,Europe
0.1419939249753952,0.15519713851771066,Africa
0.2784417569637299,0.36079421923735316,Asia
20.93685150146484,17.233145842756542,Asia
0.4554087519645691,2.310175722440557,Asia
15.3948221206665,12.41132264287699,North America
3.981828212738037,5.8781763819238515,Asia
5.182954788208008,5.6856245014648605,Europe
2.183459758758545,2.411506952136626,North America
22.21087265014648,29.858453724172385,Asia
1.899366617202759,6.842797461906595,Asia
1.593989014625549,1.572550757811656,Europe
0.3486424684524536,0.4324722192505049,Africa
5.839781284332275,6.611775175353837,Europe
8.190450668334961,8.115595200490985,Asia
8.37570858001709,9.139146666700878,Europe
8.796377182006836,8.34241080309285,Europe
0.2608946561813354,0.3597957187486547,Asia
14.13057041168213,17.941795918105143,Europe
0.3288992047309875,1.1562010719272353,Africa
4.994143009185791,5.272317070892879,North America
2.246081113815308,2.2763030276147154,North America
2.198887586593628,4.933021773640124,North America
0.04488646984100342,0.07699758934476489,Africa
2.550193309783936,3.2494204950886103,Africa
1.815295457839966,2.9123431772074064,South America
0.3971106708049774,0.4275863199591165,Africa
1.505449533462524,0.815809523458562,Asia
0.2549886107444763,0.26804001021048135,Africa
6.456840515136719,5.947178516195794,Europe
4.692792415618896,8.360404832285546,Europe
0.4434495568275452,0.6878297884838567,Asia
27.88201141357422,31.276308682063277,North America
0.427655965089798,0.8109594037614407,Africa
0.1046165600419044,0.12128165366343918,Africa
5.955063819885254,19.604518809742398,Asia
15.63920783996582,17.067226125278168,North America
7.555315494537354,8.080375524350577,Asia
4.516255855560303,5.885989545182575,Asia
3.480788946151733,4.297460497837218,Asia
0.09759870916604996,0.20597100244488703,Africa
0.1484607011079788,0.19277472824400932,Africa
0.1331551373004913,0.33421127698153613,Africa
0.3913775086402893,0.4560444016194062,Africa
1.625584006309509,2.2451411706232833,North America
2.42914605140686,2.5599989101664415,South America
2.65229606628418,3.26289326177987,Asia
0.2451631277799606,0.20387454328094687,Africa
1.793189167976379,1.4309771150613122,Asia
11.36225891113281,11.083223107519604,Europe
0.6883403062820435,2.1342123752069724,Asia
5.339852809906006,8.264624464095585,Europe
0.05962058901786804,0.10199060287571235,Africa
15.5086555480957,18.206152713450173,Europe
4.533391952514648,5.354586676175161,South America
0.7571573853492737,0.8380842828549561,Asia
0.3922314643859863,0.35002817912835477,Africa
6.959736824035645,7.244807010453844,Europe
0.2323079854249954,0.24786322826469342,Africa
1.73399019241333,2.01119854662261,South America
2.338723421096802,2.6755313047785605,South America
2.700004100799561,0.6623699138330895,Asia
1.955256342887878,1.9083144237105805,South America
6.705517768859863,6.517261161537398,Europe
0.7805891036987305,1.3334173834964433,Africa
3.763423204421997,4.070151875447659,North America
12.09057712554932,18.2962195119063,Asia
5.115907669067383,3.0098979611496346,Africa
6.460936546325684,4.751152585755267,Europe
0.09586281329393387,0.4081135892910026,Africa
0.9494197964668274,1.19541749936768,Asia
4.97225284576416,8.81600487861179,Europe
4.469476222991943,5.649275950923327,South America
3.194037914276123,22.082067430147127,Europe
2.605703592300415,3.4086433070396622,Asia
0.9916711449623108,0.6748141690873125,Africa
7.98807430267334,8.51076698494405,Europe
6.518660545349121,4.719529988637993,Europe
7.741729259490967,2.5976390276773578,Africa
5.129520416259766,5.878248983691608,Europe
4.351806163787842,3.2544603591688683,Africa
6.558065891265869,6.438367871326113,Europe
2.050345897674561,2.3627903041795744,North America
8.779006958007812,8.34001840950383,Europe
1.887906074523926,6.153486337288032,Asia
5.763717174530029,18.176841986292022,Asia
1.738709568977356,2.8951626035769777,Africa
6.192869186401367,6.682163838908614,Europe
21.83670043945312,25.299671157730945,Asia
7.980534553527832,9.92391900698344,Asia
0.05557588115334511,0.10795849938976713,Africa
5.190929412841797,3.3591328032719447,Africa
0.1051469445228577,0.4078407202105981,Africa
2.25526237487793,2.647109710874065,South America
6.688949584960938,7.034403736235604,Europe
0.4398956596851349,0.45232267697880923,Africa
6.335893154144287,6.070068627608114,Europe
5.701504707336426,13.627872689258487,Asia
15.71455478668213,17.781612922433823,Europe
1.935579180717468,3.068139018424447,South America
0.3375037312507629,0.36079543877818765,Asia
5.050566673278809,5.529803200597662,Europe
0.4957849681377411,1.0746372473861956,Africa
2.876858472824097,2.9952798673340255,North America
0.09121552109718323,0.2653678791485135,Africa
0.5296383500099182,0.7396804976844124,Asia
0.1310952305793762,0.13717397382527233,Africa
15.42005157470703,9.865958794871968,North America
21.47872924804688,17.683896173136574,Asia
0.6507628560066223,2.2582776628127172,Asia
2.000749111175537,8.855882133915783,Asia
0.05439521372318268,0.11706992688074891,Africa
4.786617755889893,10.518867326795107,Europe
5.790690898895264,6.6210573697298285,Europe
0.2773723602294922,0.3580835447987276,Asia
2.337507963180542,6.216321293821238,North America
3.160928010940552,3.914868140512128,Asia
0.6623849868774414,0.5391871746676192,Africa
0.7119542360305786,0.39046212191755564,Africa
1.410390257835388,1.4235188935574086,Africa
2.417772531509399,2.2763030276147154,North America
0.4999696612358093,1.030675611151826,Asia
0.4816961288452148,0.7244135436280851,Africa
2.312390804290771,2.5836306632733534,South America
4.08652925491333,2.1460201799686343,South America
9.08453369140625,10.234962294600914,Europe
9.101414680480957,9.941711988239064,Europe
10.3875617980957,23.55923559657227,Europe
10.07893848419189,9.74267414204658,Europe
8.772403717041016,8.750167851535787,Europe
6.647537231445312,6.937274813549688,Europe
1.037357926368713,1.3728124979355982,North America
7.037189960479736,6.394965286975815,Europe
8.971074104309082,9.891651029942528,Asia
1.955869674682617,1.7874922847277113,South America
37.16626358032227,36.398811514877146,Asia
7.281771183013916,9.162439888961734,Oceania
1.088611960411072,3.5781476243588584,North America
0.2542959153652191,0.19364965005387508,Africa
0.1230870559811592,0.10396342121990813,Africa
5.688624382019043,5.67298891043474,Europe
8.92735767364502,16.275845320270175,Asia
16.00099182128906,17.067226125278168,North America
11.67730617523193,10.92311005817141,Europe
0.1372562795877457,0.24564867840834967,Africa
0.2415728121995926,0.18732284772221658,Africa
5.973422050476074,7.0473187715023276,Europe
3.324486970901489,3.0089869550792936,Africa
4.075667858123779,6.128197157308912,Europe
2.858282089233398,2.627393472595821,North America
2.288970470428467,1.8804954860957843,Africa
9.146443367004395,8.300077036407258,Africa
16.51216316223145,17.161107132828416,Oceania
1.011364936828613,1.9114232816298806,North America
0.1475260555744171,0.5106015314382097,Africa
0.7455698847770691,0.4325174756022426,Africa
7.048820018768311,8.154082026203474,Asia
0.8090502023696899,1.0194810913152252,North America
12.9774808883667,12.526856999721362,Asia
0.8682258725166321,1.175631889300687,Asia
8.291921615600586,8.39977275869203,Europe
0.9048962593078613,3.317962025059357,Asia
1.277635812759399,2.7606889354354798,Asia
3.731921195983887,1.7035734284094404,South America
1.606957912445068,2.3191331787502008,North America
2.429594039916992,2.94668244223202,Asia
4.104483127593994,6.0435169545175516,Africa
4.068917751312256,5.862296871080286,Europe
0.1430552303791046,0.4109901693173284,Africa
14.30662822723389,5.002560678640721,Asia
1.62282121181488,1.4608856871191946,Asia
0.4577476680278778,0.47394506654919033,Africa
1.193601012229919,1.6311839413133282,Africa
0.1029338240623474,0.23842648882764395,Africa
0.2462624609470367,0.23053114223305776,Africa
0.3792285621166229,0.49267977608976865,Africa
15.37185955047607,11.377787478299028,Asia
1.024609208106995,1.0325751845563453,Africa
7.528740406036377,5.677031959399344,Europe
3.903202056884766,5.186893951267478,Europe
2.514718532562256,3.112861757793597,Africa
2.249950885772705,1.934530823558096,Asia
1.762122273445129,0.8033145109353989,Asia
0.6095848679542542,2.3061703902983344,Asia
2.414404153823853,0.6727927122034112,Asia
9.210644721984863,8.751894845474164,Asia
1.756043910980225,1.7910825717818173,South America
12.0101146697998,18.487339483181632,Asia
4.113450527191162,7.3367343793826505,Europe
0.8967552781105042,1.3405688559015594,Asia
0.396827906370163,0.39542565322147005,Africa
27.41023635864258,30.936114226583456,North America
3.760188102722168,4.070151875447659,North America
1.852354526519775,2.012953713868475,South America
2.654567003250122,2.293210627214304,Asia
0.5210616588592529,0.7284419260053407,Africa
3.443922519683838,4.188617737857122,Asia
0.3102388381958008,0.7561857991084338,North America
0.08127830177545547,0.13443422526576454,Africa
4.39629602432251,5.853610739065799,Europe
1.794902920722961,4.456404613163265,Europe
0.868251621723175,1.1620388950189904,Africa
0.8564004898071289,0.6736232233304116,Asia
0.7437751293182373,1.3381607257370947,Africa
0.1334906071424484,0.21108179421764275,Africa
0.3386543989181519,1.6916951378311904,Africa
4.313433170318604,5.079155050535051,Asia
7.716427326202393,8.115595200490985,Asia
17.40753746032715,12.262597630382297,Asia
0.3703902363777161,0.3730579446407537,Africa
5.701943874359131,5.786799296742394,Europe
2.645163536071777,2.5413831328172534,Africa
1.323025822639465,1.9814485606664705,South America
0.2967589497566223,0.41240729535625337,Africa
4.338138580322266,5.494893391507012,Europe
13.46525382995605,21.6830213557198,Europe
2.188424587249756,3.04046607831529,North America
4.039237022399902,6.489073731170761,Asia
21.83342933654785,30.133528961991516,Asia
4.931379795074463,5.6856245014648605,Europe
2.873368978500366,3.3142172873514504,Asia
7.291560649871826,6.972106369926819,Asia
5.154179096221924,5.263643314452398,North America
8.372380256652832,8.966042188424911,Europe
3.466020822525024,3.5243500451369885,Europe
0.2702613174915314,0.40254916163060417,Africa
0.2478024512529373,0.91661729839592,Africa
1.696770787239075,1.6364513978253283,Europe
23.69738388061523,14.564847027517155,Asia
0.2557085752487183,0.32822644148267327,Africa
3.456936359405518,4.6791902186350205,Africa
4.623209953308105,5.176481926161146,Asia
0.4487386643886566,1.0541186251576458,Asia
0.4778228402137756,0.6768453846658978,Africa
1.532217264175415,2.441076135587124,North America
15.50049209594727,17.067226125278168,North America
3.73400092124939,6.818865252154212,Asia
2.939707517623901,2.992117696192356,North America
0.1303448230028152,0.2814636675505637,Africa
3.20981502532959,2.856012365855394,Africa
0.6103487610816956,0.7612721628575098,Africa
2.297957181930542,2.590529009220619,South America
27.44601631164551,31.01710932646858,North America
16.28261947631836,17.099245977954254,Oceania
0.1378336399793625,0.3225394280125692,Africa
0.1445319205522537,0.23379994974214935,Africa
0.2374964952468872,0.17539532898150617,Africa
10.6139965057373,8.291977008414644,Africa
1.645493388175964,1.7177960165639719,Asia
7.526070594787598,6.972106369926819,Asia
3.51795768737793,4.863772673960716,Africa
4.655681133270264,5.459022889228092,Asia
2.176227569580078,1.7657748699140934,Africa
1.102468132972717,1.9740546234831924,North America
11.63190460205078,10.993757415476303,Europe
5.322840690612793,7.091429337107947,Europe
0.1484148055315018,0.4701209580676541,Africa
6.809168815612793,7.841130795878078,Asia
0.4142922461032867,0.49139205642210115,Africa
4.011868953704834,2.1460201799686343,South America
0.8032668232917786,0.9450524814274661,North America
0.6584859490394592,2.655082199580741,Asia
3.643310785293579,1.4663497838051547,South America
15.41105937957764,12.658840807002456,Asia
1.393072247505188,0.8107065958392528,Asia
3.343451499938965,2.617050098458926,North America
8.303468704223633,10.168408395029251,Asia
1.407311201095581,1.3889848911724392,Africa
23.55909156799316,14.169034062600927,Asia
0.7773199677467346,0.38097309230782433,Africa
0.2736101150512695,0.7271748765534352,Africa
4.017938613891602,4.447617964032623,Europe
0.6867693066596985,0.5061046474418707,Africa
3.274630308151245,3.9634049347999456,Asia
2.613456249237061,6.752575997884139,North America
1.727951049804688,1.662498443055248,Europe
4.949633121490479,5.514338808400291,North America
0.2747272849082947,0.39635005279612684,Asia
8.015732765197754,8.830487984040424,Europe
0.5748949646949768,0.7763108198846144,Asia
2.536162853240967,2.2822686557618406,North America
0.0559077151119709,0.14478107949539018,Africa
8.354448318481445,7.982570042165155,Asia
0.3959409296512604,0.37379386970424455,Africa
0.6386106610298157,1.9889471134261034,Asia
2.163968324661255,8.871573752706011,Asia
23.24481201171875,17.683896173136574,Asia
0.3148730397224426,0.3652616430145526,Africa
3.941114664077759,6.489073731170761,Asia
15.32456493377686,9.748768729011221,North America
0.3546460568904877,1.6229461942738488,Africa
4.812466144561768,5.806747362895618,Europe
0.1469376236200333,0.13467009618227915,Africa
5.64838171005249,6.719035601129607,Europe
4.882669448852539,10.923491917600707,Europe
15.68961334228516,11.353680095206785,Asia
0.08910840004682541,0.19451009162202013,Africa
0.6722900867462158,0.37606397342664155,Africa
0.06298451125621796,0.11641436122107278,Africa
2.669681787490845,0.6659417140848914,Asia
5.013547420501709,3.2598531607496097,Africa
11.60354900360107,18.914366259699772,Asia
0.8267986178398132,1.3488979817827542,Asia
6.132932186126709,6.5331630019157645,Europe
0.1106356233358383,0.44077314977821436,Africa
2.311568260192871,2.6681094519174287,South America
2.472657203674316,3.0030273950028983,Africa
3.723161220550537,4.125187027882962,North America
1.982887268066406,2.0314723584397787,South America
0.2792959213256836,0.2165761214664117,Africa
0.4961991608142853,0.4173539073870936,Africa
6.380063533782959,6.032816276991864,Europe
0.9143961668014526,1.7513931907975957,Asia
5.596796035766602,13.182048595280873,Asia
4.213578701019287,6.334813422857768,Africa
1.886396050453186,3.068139018424447,South America
15.72152137756348,20.713038290197886,Europe
0.3357250690460205,0.3604003459804116,Asia
14.57836246490479,4.949303032801693,Asia
7.68668794631958,8.370810380814568,Europe
0.5251359343528748,1.0204065104081987,Africa
1.298565745353699,1.472815200683982,Africa
2.825203418731689,2.9952798673340255,North America
0.3765880167484283,0.43709761401419606,Africa
8.642642974853516,16.24557962728682,Asia
5.031444549560547,5.800391789482045,Europe
2.533958673477173,3.358301201521211,Asia
4.04934024810791,6.02968757353132,Europe
5.692592144012451,18.861997409053348,Asia
0.6860120892524719,1.3063932113583596,Africa
6.745104312896729,6.853569961286727,Europe
9.149725914001465,7.860097238453437,Asia
6.220349311828613,4.616135302574863,Europe
0.2893204092979431,0.46441084163496293,Africa
4.338706493377686,4.893846085919274,Asia
1.807998180389404,1.7648035347177873,South America
0.2655178308486938,0.18277734587164154,Africa
0.268010288476944,0.30193045718072076,Africa
2.302289247512817,2.938026590020174,Asia
4.791033267974854,5.671158130183581,South America
0.1095254793763161,0.14185751884631695,Africa
1.226899266242981,1.3857173253174815,North America
2.440643072128296,1.9191606718297043,Asia
8.685232162475586,8.674037549413127,Europe
6.049055576324463,6.4355431213301495,Europe
3.96653413772583,8.258111185505276,Europe
8.698247909545898,9.888390145657555,Asia
2.770044088363647,3.612434567140208,Asia
1.937152504920959,1.7890459105398444,South America
1.898419380187988,3.112093437893997,Africa
3.301235675811768,3.033700946504162,Africa
0.9417695999145508,3.125443249425008,Asia
4.47037410736084,5.978777747610259,Europe
6.589072704315186,6.499110738629386,Europe
7.651411056518555,5.5811644243247915,Europe
7.540263175964355,8.608126348045827,Europe
1.286960124969482,3.3073675431746334,Asia
3.491809844970703,2.582984281679941,Asia
21.75956916809082,25.299671157730945,Asia
1.125998497009277,3.7984772928580326,North America
7.357706069946289,9.334916605599346,Oceania
0.2808446288108826,0.7409842988143248,North America
1.712481498718262,4.831082956100743,Europe
7.899717807769775,2.5534745314939626,Africa
4.600410461425781,8.748457676702074,Europe
36.25168609619141,36.30074047376996,Asia
1.130145907402039,0.7008531909370943,Asia
1.879854321479797,6.1984459189810455,Asia
4.942182064056396,5.979418678785127,Europe
3.987663269042969,5.98960485920168,Europe
0.1847172677516937,0.11420582168623955,Africa
8.480802536010742,9.942445925661497,Europe
25.31922721862793,30.35639757255525,Asia
5.284557819366455,5.824671569472269,Europe
2.575018644332886,2.564336845121687,Africa
8.708599090576172,10.234962294600914,Europe
0.9316161870956421,1.2372145334562612,Africa
0.9900398850440979,0.6706142626512068,Africa
5.435077667236328,5.67298891043474,Europe
9.261298179626465,26.083835666013137,Europe
3.272104024887085,21.58803466357481,Europe
4.292875289916992,5.494893391507012,Europe
9.849047660827637,23.537624870987788,Europe
1.032581806182861,0.8791056679881045,Africa
6.210880279541016,7.06569479934925,Europe
0.133983388543129,0.2246805012772481,Africa
0.3738069534301758,0.5362194029436935,Africa
1.269123196601868,1.9749707729300814,South America
2.007250070571899,2.358466185940035,North America
3.932527542114258,5.73768873477524,Europe
9.568803787231445,9.74267414204658,Europe
8.304427146911621,8.354991791416728,Europe
12.48076343536377,12.526856999721362,Asia
13.73282146453857,9.226114719385194,North America
2.733699560165405,2.615312283399818,North America
0.3173437714576721,0.2147896097057041,Africa
4.155083656311035,4.042454387834664,Asia
0.6009838581085205,1.0408072946275033,Africa
7.187592506408691,2.4096396096173733,Africa
1.255018711090088,0.675945107120252,Asia
1.334534049034119,1.3054355976885614,Africa
0.652396559715271,1.9869501043777171,Asia
4.266639709472656,5.727068216993007,Europe
5.274422168731689,6.664523534899494,Europe
4.271516799926758,5.6887685562750665,Europe
12.90801048278809,4.67894343927924,Asia
3.72244930267334,2.9674730481656777,Africa
3.089255094528198,19.75937819520919,Europe
1.905526876449585,2.4292853237669623,South America
0.1308328211307526,0.13056438132913573,Africa
6.821450233459473,8.370969705820084,Europe
4.024692058563232,6.027176790657496,Europe
25.23751068115234,29.858453724172385,Asia
3.795612335205078,5.9993506031216155,Asia
0.3828149139881134,1.6270370589322045,Africa
0.09563125669956207,0.18650633924203142,Africa
4.831583023071289,5.552868949289221,Europe
1.90409529209137,2.5763554435164213,North America
1.172875881195068,2.5482225232919054,Asia
12.79594230651855,25.094292601063138,Europe
0.2904154062271118,0.6432232685150018,North America
2.350550413131714,9.39091367849471,Asia
15.88615131378174,12.310629143988933,Asia
2.382532596588135,5.789470062882009,North America
11.52433109283447,12.526856999721362,Asia
0.2615656554698944,0.28576381747060947,Africa
1.665985345840454,1.5042672154170176,Europe
4.456891059875488,5.191809134982881,North America
0.888251543045044,0.5340966486040872,Africa
6.917664051055908,25.3505350297065,Europe
5.050678253173828,6.125994932528527,Europe
0.05860565975308418,0.15165050398600305,Africa
0.2845896482467651,0.32636229296862385,Asia
4.441422939300537,5.730823001225789,Europe
0.1253203153610229,0.20344883126310176,Africa
7.672966957092285,8.580578954352273,Europe
4.635197162628174,5.863594261159972,Europe
2.331064701080322,2.3211953983704254,North America
3.219723224639893,3.9709394882284363,Asia
4.139166355133057,5.342956566989895,South America
8.4993896484375,7.895091437916563,Asia
0.2616319954395294,0.777738028523941,Africa
5.300958156585693,18.176841986292022,Asia
2.734155416488647,3.3461689748262615,Asia
1.260800123214722,1.3926354226924125,Africa
21.08871459960938,17.069364981855664,Asia
20.47718620300293,12.598592672847225,Asia
7.914447784423828,8.393358313649419,Europe
0.6444606781005859,0.3976271342840932,Africa
3.953692436218262,4.84239981461612,Europe
0.4947317540645599,1.0878165060163705,Africa
1.727293252944946,6.131287964288204,Asia
6.313910007476807,4.61052147015409,Europe
0.4613274931907654,0.37457334733281333,Africa
3.728547811508179,4.378305994362112,Europe
0.2781777381896973,0.46441084163496293,Africa
0.6571441888809204,0.40219168222470886,Africa
0.3313280045986176,0.34419807176763917,Africa
4.474221706390381,7.12397465430744,Asia
3.382807970046997,4.125187027882962,North America
3.885794639587402,6.502349607702285,Africa
1.039430141448975,0.8484174009335657,Africa
0.4239363670349121,0.5056904262586955,Africa
9.107117652893066,21.155205393873185,Europe
3.64252233505249,2.0204513236328125,South America
8.688183784484863,9.803810534401544,Europe
0.381062924861908,0.6300938260480761,Africa
1.536593437194824,2.345410584477087,Asia
3.681657075881958,6.9699113791528164,Europe
0.2059647142887115,0.1593813436658136,Africa
2.61725902557373,2.0800350157850316,Africa
4.852874279022217,7.067552786490273,Europe
2.268086910247803,1.9191606718297043,Asia
7.907603740692139,8.902203826776313,Europe
0.1281763017177582,0.1636780050660646,Africa
0.1407277435064316,0.5031586307304363,Africa
0.9839887619018555,1.3758903648290373,North America
11.14905452728271,10.93525442825045,Europe
2.844217538833618,1.0696926893930112,South America
23.66134834289551,29.966969740019906,North America
0.1508405655622482,0.1280333409503117,Africa
0.1500319093465805,0.24680180913355318,Africa
0.154694452881813,0.29732560358380883,Africa
7.738691806793213,9.942445925661497,Europe
2.425451278686523,2.6600018570889086,North America
3.813149929046631,6.044387254970158,Europe
0.5836519598960876,0.7284419260053407,Africa
1.341604471206665,2.2719078115447173,North America
0.1368063241243362,0.30413383518216097,Africa
2.49009370803833,3.64104536993049,Asia
3.974646091461182,5.494893391507012,Europe
1.527357578277588,2.4027115599205566,North America
4.844160079956055,6.341111472292554,Europe
15.48128509521484,17.133039256330513,Oceania
2.408941984176636,2.6130856259241586,Africa
14.46399307250977,11.335507488232523,Asia
0.9858834147453308,2.005772801890733,North America
2.253332376480103,1.7155549027276422,Africa
5.715123653411865,6.949398676679075,Europe
4.086227893829346,4.308173355849015,Asia
1.127203702926636,1.972257620089348,South America
5.12541675567627,8.330810261555134,Africa
0.8294221758842468,1.1957678559701597,Africa
7.640749931335449,6.972106369926819,Asia
2.960938453674316,3.1563632638487986,Africa
7.766412734985352,10.32688064148278,Europe
13.81689548492432,17.067226125278168,North America
1.897939801216125,2.9058275729722913,Asia
3.537120342254639,8.100457755732156,Europe
0.2915217578411102,0.16773669883866038,Africa
3.697000980377197,2.568807178975098,Asia
1.693982481956482,4.6075602896317625,Europe
5.194411277770996,6.763050432250611,Europe
6.736683368682861,7.690239175401036,Asia
2.426699161529541,2.8319740438645784,Africa
0.106714241206646,0.5123106778279474,Africa
1.850744247436523,2.222401520652688,South America
6.727745056152344,9.299377210425956,Oceania
0.9884525537490845,3.4895704649995167,North America
22.78303527832031,25.299671157730945,Asia
8.309385299682617,16.5022966862179,Asia
1.823131680488586,1.9883197943910118,South America
6.96973705291748,6.758727097255842,Europe
0.4189874529838562,0.42295205362931626,Africa
0.3707003891468048,0.44456675475031615,Africa
6.565920352935791,6.0233464181865255,Europe
0.9047328233718872,2.775710354711328,Asia
1.764199018478394,2.5892510531147326,Africa
0.9665616154670715,2.4221551774804073,Asia
2.147021770477295,2.5533940446324763,South America
11.51413154602051,18.914366259699772,Asia
0.9170551300048828,1.3599045652434936,Asia
1.550416827201843,1.4944187862832863,South America
0.57564777135849,0.7964488337314317,Asia
0.5241816639900208,0.6325246955887193,Africa
3.559036016464233,4.5878345606932545,Asia
0.5396149754524231,0.9547633793783331,Asia
6.322667121887207,6.514130785340353,Europe
0.6562355160713196,2.2222099782450586,Asia
1.252747774124146,0.806728853533945,Asia
6.122936725616455,6.073128865957259,Europe
4.828588485717773,10.923491917600707,Europe
0.2976906895637512,0.422197961031407,Asia
7.034992694854736,8.718840639459453,Europe
7.735682010650635,9.340933646309946,Asia
9.051185607910156,6.570953772539016,Asia
4.964563369750977,3.1532135147835745,Africa
8.212569236755371,9.831485453007712,Asia
0.5468474626541138,0.5396742199850988,Africa
0.06633152812719345,0.11675689555445155,Africa
1.4384526014328,1.6920383344519707,South America
2.509028434753418,0.6644696448327864,Asia
36.14544296264648,36.30074047376996,Asia
0.7069047093391418,0.9454523481815668,North America
0.2856189906597137,0.4213372390870635,Asia
3.175785064697266,2.950179239458508,Asia
0.4769450724124908,0.6584234279933432,Africa
3.360828161239624,1.0602083441073458,South America
13.97716331481934,8.987765269796055,North America
6.578603267669678,6.510377746048427,Europe
2.333091020584106,2.768466148130004,Africa
6.773412227630615,9.540958414635965,Oceania
7.889522075653076,10.411529583158604,Europe
0.2816256880760193,0.4727693996000372,Africa
0.5254019498825073,0.9450511562547514,Asia
1.283662080764771,1.392365160345085,Africa
2.8375084400177,3.9974660230729655,Asia
0.54853755235672,2.0700685128063427,Asia
0.7724260091781616,0.991496390166651,North America
0.5876831412315369,0.802255866025412,Asia
0.2435375303030014,0.14200436192368054,Africa
1.901674270629883,3.306570251982363,Africa
0.6321310997009277,1.036601985072569,Africa
3.992541313171387,4.880540749401327,Europe
10.77101516723633,4.5671422504129415,Asia
4.217935562133789,5.191809134982881,North America
1.904914736747742,1.5845921457092913,Europe
5.437646389007568,5.537811590810184,Europe
8.100613594055176,9.942445925661497,Europe
3.500540971755981,4.125187027882962,North America
6.160195350646973,6.4861945751127905,Europe
0.1056317687034607,0.17470864412714804,Africa
7.332547664642334,5.311356318458678,Europe
0.2877311706542969,0.2703428198433821,Africa
1.808483123779297,1.8113749682619462,South America
4.029795169830322,2.85092088135935,Africa
1.224826693534851,2.256471727629266,South America
7.802451610565186,29.11179981813252,Europe
2.334558963775635,3.0715132167451134,North America
3.74225640296936,8.771498688325046,Asia
24.14838600158691,30.133528961991516,Asia
0.8198919892311096,1.593041897523498,Africa
0.146600604057312,0.5699340471566197,Africa
16.67427635192871,11.86545541852962,Asia
7.591970920562744,7.717331073802613,Europe
6.825397968292236,8.197652009608253,Europe
3.521270751953125,4.496316548169132,Europe
2.057361125946045,0.6656572029969857,Asia
4.649747848510742,5.67298891043474,Europe
0.6762325763702393,0.7612721628575098,Africa
1.017014265060425,1.4964103034810414,Asia
3.100988626480103,3.489021258727899,Africa
2.36965537071228,2.590529009220619,South America
0.9503283500671387,0.8010608494883728,Africa
2.929836988449097,3.6743326097220654,Asia
0.6471251249313354,0.34539158633342454,Africa
1.515771269798279,0.8297232805032064,Asia
20.14994812011719,12.691980202856177,Asia
1.892073750495911,6.1984459189810455,Asia
0.38688725233078,2.215949358391147,Africa
0.43283411860466,0.5417736927656428,Africa
6.554152965545654,4.592997257297003,Europe
9.367136001586914,23.114401503591935,Europe
12.40420341491699,11.30040514057378,Asia
1.91482412815094,2.9058275729722913,Asia
8.422242164611816,9.807813283799186,Asia
8.812626838684082,7.976603819776751,Asia
2.57694149017334,2.8305650193487844,North America
5.624210357666016,6.58892406049418,Europe
4.483624935150146,5.127251560852641,Asia
6.591812610626221,7.657708460830507,Asia
1.823400497436523,1.5312973540472783,South America
2.287001371383667,1.8187617294102432,Asia
3.828158617019653,7.136567058537684,Europe
3.405725955963135,3.97108358495533,Asia
4.978063583374023,6.288369525955128,Europe
1.13554859161377,3.736762649135544,North America
3.072962045669556,21.152814507064136,Europe
0.2966722548007965,0.4015367581176627,Africa
0.3302197456359863,0.17135346687469805,Africa
0.2467184960842133,0.4215946779263733,Asia
0.1655067056417465,0.23855109872615762,Africa
7.972957611083984,9.843683714162736,Asia
0.08392641693353653,0.19980135311449448,Africa
0.3083372116088867,0.2958517650909248,North America
0.1430084407329559,0.12590514068092618,Africa
13.13418769836426,31.177133557846716,Europe
1.074817776679993,2.036641254828563,North America
4.930450439453125,15.83248972807801,Europe
7.892228603363037,8.556585259916291,Africa
8.204075813293457,8.632919555422546,Europe
2.782960891723633,2.856012365855394,Africa
4.494158267974854,13.778107211919059,Asia
0.1487941294908524,0.10945045676910954,Africa
1.369008541107178,0.5179135850622377,Africa
1.240215063095093,2.7820966719469373,Asia
8.693246841430664,8.464358454191498,Europe
0.7009544968605042,1.895828531207288,Asia
3.878357648849487,9.38477253338716,Europe
4.066830635070801,6.763461915250807,Africa
1.514911413192749,2.4345536054344397,North America
0.9415491819381714,2.854147269005576,Asia
12.04758262634277,19.09203925367764,Asia
0.4610641598701477,0.9521608964336055,Africa
1.503016591072083,2.468542416539457,Asia
4.123391628265381,5.602140419857842,Europe
4.434322357177734,6.2817765170524975,Europe
0.2813556790351868,0.819066593167801,Africa
3.702715873718262,8.839771820715837,Europe
0.5565366744995117,0.8882718795431725,Africa
1.115239143371582,1.561279543824613,North America
1.223930954933167,0.720050377161257,Asia
4.7931809425354,5.764461061205183,Europe
2.027380228042603,2.465500559541914,North America
11.88223743438721,12.526856999721362,Asia
7.14546012878418,2.3707598127945078,Africa
5.276492595672607,19.14377267240824,Asia
0.9173014163970947,3.125443249425008,Asia
6.186983108520508,7.916975989054119,Europe
1.254688620567322,1.3503657898951489,Africa
0.2951191961765289,0.2090934390601195,Africa
0.07167305052280426,0.1136276676099053,Africa
3.596622228622437,4.071885485216823,Asia
2.30495023727417,2.8411490623335998,South America
0.1497700810432434,0.3239865272225782,Africa
14.75802421569824,17.067226125278168,North America
5.059431076049805,5.864079370882776,Europe
4.298361778259277,5.83322569874686,South America
21.67450904846191,25.299671157730945,Asia
3.724407196044922,6.374308023399778,Asia
4.754910469055176,5.979418678785127,Europe
0.1357482224702835,0.2164547360422947,Africa
1.802687048912048,4.792467964223928,Europe
12.9290885925293,5.984172153050767,Asia
2.616623401641846,2.5527643426944,Africa
0.3616290390491486,0.44759909190142927,Africa
2.026513576507568,2.0806318894767917,South America
24.45953178405762,29.67959090911018,North America
0.6090410351753235,0.3872481185150524,Africa
7.91089916229248,6.972106369926819,Asia
6.476729869842529,7.052438279486666,Europe
7.452365398406982,8.636709859424858,Europe
9.033063888549805,16.17123605062848,Asia
2.639704704284668,7.079624030803705,North America
0.6437481641769409,0.3581106290344207,Africa
9.175987243652344,9.745690793200144,Europe
22.19695472717285,17.069364981855664,Asia
0.1272194683551788,0.4876359685528244,Africa
2.398262500762939,2.2974486207280846,North America
2.56091833114624,9.246699622337777,Asia
11.48222923278809,11.031664788700287,Europe
0.7153539061546326,0.3878199528193189,Africa
14.96632957458496,17.26779166276871,Oceania
0.05951777845621109,0.1841878027922365,Africa
6.42039155960083,6.559621581639561,Europe
0.4973150491714478,0.7080343788729934,Africa
4.974699020385742,3.233834510575469,Africa
2.159483909606934,2.439694910358384,South America
2.832037448883057,2.637802479625007,North America
4.026424884796143,6.399236721929793,Europe
0.1832842230796814,0.25486753139278234,Africa
5.054578304290771,7.067151744448949,Europe
2.404886484146118,1.5854966115894777,Africa
4.197469711303711,2.046814402584648,South America
37.08210754394531,36.30074047376996,Asia
1.728652834892273,2.0824844856235116,South America
1.259921669960022,1.742702829616884,North America
2.218989133834839,1.5183265029177784,Africa
0.843561589717865,1.593041897523498,Africa
4.67429780960083,6.155930754707265,Europe
0.0740269124507904,0.11378288757911192,Africa
4.938533306121826,5.271898827436424,Asia
0.3543775975704193,0.45054462722842664,Africa
4.156707286834717,2.6699877702849237,Africa
9.4584321975708,24.479740620483163,Europe
2.360069990158081,2.5419477546092057,South America
8.569504737854004,7.9955820766381205,Asia
0.2906474173069,0.2593189981243913,Africa
6.472423553466797,4.654940505495149,Europe
2.780298709869385,7.320522370949452,North America
0.1517395079135895,0.1975604206169586,Africa
1.986169219017029,6.310431982418849,Asia
4.385190963745117,5.827562306997795,South America
2.718570709228516,1.8187617294102432,Asia
8.863261222839355,28.75612016260332,Europe
8.21777629852295,6.972106369926819,Asia
1.122147679328918,2.199992848870774,North America
0.6373492479324341,0.3912954068136593,Africa
3.162201166152954,5.824358709733767,Asia
5.310879707336426,25.086619117446443,Asia
7.94235897064209,9.942445925661497,Europe
0.3064694106578827,0.5004552261588343,Africa
8.904501914978027,9.841645347201634,Europe
2.102975845336914,2.460948713586788,North America
0.5427948832511902,0.6001791330355973,Africa
0.6258141994476318,0.9969420912419517,Africa
2.379205226898193,2.856012365855394,Africa
4.928817272186279,7.420745466809425,Europe
1.212967872619629,1.120385765492088,Asia
2.282661199569702,2.590529009220619,South America
4.50090217590332,6.531304074544755,Europe
4.120567798614502,9.012000551405407,Asia
6.875584602355957,6.477150516193838,Europe
0.4840291142463684,0.7964352375940831,Africa
0.4771942496299744,1.0549308091726086,Africa
4.455572605133057,5.970758461621073,Europe
0.2883205115795135,0.7167943772049716,Africa
0.1635764837265015,0.2959323550341395,Africa
1.57625138759613,2.7459255234438276,North America
2.46639347076416,2.2763030276147154,North America
6.524518489837646,7.807557575278813,Europe
0.2495166957378387,0.3365869240576905,North America
1.446125030517578,1.355871517800042,Africa
0.06587465852499008,0.21603657992314795,Africa
3.031177520751953,2.8376208774622467,Africa
0.1352621465921402,0.6158896872615294,Africa
1.05969774723053,3.913874895390624,North America
5.532691955566406,6.261835893798183,Europe
0.2506204545497894,0.4805403466643539,Asia
1.944845795631409,1.5993960777809872,South America
5.771667957305908,6.8926016935827406,Europe
8.661036491394043,23.15784465415895,Asia
4.047051906585693,2.0550503026461193,South America
0.1744169741868973,0.23066348429905273,Africa
5.010124683380127,3.2598531607496097,Africa
6.547047138214111,6.511952738529159,Europe
0.8006706833839417,0.4350257983702042,Africa
2.67236852645874,9.498307325983802,Asia
20.72995376586914,16.961874646868026,Asia
0.5990287661552429,0.32771855824925594,Africa
2.897714614868164,2.835509940907122,North America
0.1433757543563843,0.5029598690813024,Africa
11.50887584686279,10.951007366157715,Europe
14.6589298248291,17.26779166276871,Oceania
3.818379402160645,6.399236721929793,Europe
37.88961029052734,35.06766979642142,Asia
3.909206867218018,9.670681798099265,Europe
8.203359603881836,8.454054412820984,Europe
1.32465136051178,3.704692858034183,Asia
6.77951717376709,5.155566834661696,Europe
1.935293793678284,2.6522031511522464,South America
1.114329695701599,2.2525091797558088,South America
3.236868381500244,3.2058953524553577,Asia
6.017233848571777,10.74608765340608,Europe
2.660292863845825,3.04099873509087,North America
6.873886585235596,2.375435549221814,Africa
4.897164344787598,5.786799296742394,Europe
3.408959627151489,4.074840529844013,Asia
2.212045907974243,3.8528303322143973,South America
14.80204677581787,17.067226125278168,North America
4.563231945037842,6.073793672468929,Europe
20.2208251953125,25.299671157730945,Asia
3.48463249206543,6.4777774945620505,Europe
0.1295265108346939,0.21984633408167537,Africa
14.11618995666504,5.300883001380324,Asia
2.540149688720703,2.5580735297547106,Africa
1.590840220451355,4.993436581406331,Europe
25.06338119506836,30.281571924527487,North America
0.3012920618057251,0.22767102762907845,Africa
3.843031406402588,1.0756971937046638,South America
3.799709320068359,6.489073731170761,Asia
0.3044634461402893,0.8405669721341323,Africa
4.238997936248779,7.001911431342836,Africa
1.033263325691223,3.0132515388989725,Asia
11.69887161254883,19.074960312809264,Asia
1.398944616317749,2.623620640170953,Asia
3.747712373733521,5.794194770548079,Europe
3.465337514877319,9.190421974897726,Europe
0.8047728538513184,2.292778566625856,Asia
0.5918054580688477,0.8532155725485491,Africa
11.71973323822021,12.526856999721362,Asia
7.1772141456604,8.680832424572538,Europe
3.999353885650635,10.265023723954245,Asia
0.8697953820228577,1.5833654672162876,Asia
8.124507904052734,10.218256602979842,Asia
0.08757895976305008,0.18134352899002767,Africa
0.1383054852485657,0.11598996144958904,Africa
11.13456630706787,31.177133557846716,Europe
4.577712535858154,16.556620691125357,Europe
0.2721869647502899,0.4350675938608392,Asia
8.163843154907227,8.431810280937997,Africa
7.637552738189697,8.554500287450235,Europe
0.1607515811920166,0.10701748517715183,Africa
1.116018772125244,0.5214037385445103,Africa
2.673988342285156,3.5027391623322033,Asia
3.512913227081299,7.184073779727729,Europe
2.983034610748291,3.8174118516109297,Asia
1.655152082443237,0.8727497952365213,Asia
25.2420825958252,13.172124646810914,Asia
0.3786808252334595,2.4622527692341625,Africa
0.4427686333656311,0.5533411986171491,Africa
13.69358062744141,10.854090055655865,Asia
1.992461442947388,2.8701712574866547,Asia
8.237318992614746,9.809506923338724,Asia
2.785203695297241,3.21725441029999,North America
5.704793930053711,6.7931206063391665,Europe
6.840198516845703,8.178867337737763,Asia
6.226867198944092,6.479250698379107,Europe
0.8862943053245544,1.878774264709,Asia
0.3042441010475159,0.18108753521696083,Africa
14.10715866088867,8.758946692453494,North America
16.48837471008301,12.011469501695597,Asia
7.482962608337402,7.610370413549361,Europe
3.995232582092285,5.340840518239471,Europe
2.137939929962158,0.6663754399120433,Asia
0.5890226364135742,0.7612721628575098,Africa
0.1264512836933136,0.19831016273013066,Africa
24.66764068603516,30.301132463447633,Asia
0.7623671889305115,1.00803181024171,North America
6.229061126708984,9.613386132321663,Oceania
7.121321678161621,10.491640660149365,Europe
0.5925865769386292,1.0173314267193514,Asia
1.181398034095764,1.3813340838513677,Africa
0.588551938533783,2.4016158248503054,Asia
0.603049099445343,0.8173752683424763,Asia
0.2846526503562927,0.1304344269014481,Africa
1.869306087493896,3.6671895204110756,Africa
4.059526443481445,6.02968757353132,Europe
11.94417858123779,4.175424699653664,Asia
1.701810121536255,1.5852021104707605,Europe
3.528404474258423,4.254281202321015,North America
4.657708644866943,5.390503810787957,North America
3.382670640945435,4.3901662762146145,Africa
1.080356121063232,0.8084514629477784,Africa
3.359078407287598,20.80985653476465,Europe
0.761204719543457,0.42535139665282556,Africa
